Sem,Dia,Data,Horário,Em casa,xG,Resultado,xG.1,Visitante,Público,Local,Árbitro,Relatório da Partida,Notas
1.0,sáb,2023-08-19,18:30,Frosinone,0.9,1–3,1.5,Napoli,15.822,Stadio Benito Stirpe,Matteo Marcenaro,Relatório da Partida,
1.0,sáb,2023-08-19,18:30,Empoli,0.7,0–1,0.5,Hellas Verona,7.94,Stadio Carlo Castellani,Luca Massimi,Relatório da Partida,
1.0,sáb,2023-08-19,20:45,Inter,2.7,2–0,0.8,Monza,72.509,Stadio Giuseppe Meazza,Andrea Colombo,Relatório da Partida,
1.0,sáb,2023-08-19,20:45,Genoa,0.2,1–4,1.0,Fiorentina,33.045,Stadio Comunale Luigi Ferraris,Giovanni Ayroldi,Relatório da Partida,
1.0,dom,2023-08-20,18:30,Sassuolo,0.4,0–2,1.3,Atalanta,12.298,Mapei Stadium - Città del Tricolore,Matteo Marchetti,Relatório da Partida,
1.0,dom,2023-08-20,18:30,Roma,1.9,2–2,0.1,Salernitana,62.05,Stadio Olimpico,Ermanno Feliciani,Relatório da Partida,
1.0,dom,2023-08-20,20:45,Lecce,1.4,2–1,1.6,Lazio,29.081,Stadio Comunale Via Del Mare,Federico Dionisi,Relatório da Partida,
1.0,dom,2023-08-20,20:45,Udinese,1.0,0–3,1.8,Juventus,24.911,Bluenergy Stadium,Antonio Rapuano,Relatório da Partida,
1.0,seg,2023-08-21,18:30,Torino,1.0,0–0,0.4,Cagliari,20.296,Stadio Olimpico di Torino,Francesco Cosso,Relatório da Partida,
1.0,seg,2023-08-21,20:45,Bologna,1.0,0–2,0.9,Milan,30.203,Stadio Renato Dall'Ara,Luca Pairetto,Relatório da Partida,
,,,,,,,,,,,,,
2.0,sáb,2023-08-26,18:30,Frosinone,0.7,2–1,1.6,Atalanta,13.426,Stadio Benito Stirpe,Juan Sacchi,Relatório da Partida,
2.0,sáb,2023-08-26,18:30,Monza,2.0,2–0,1.0,Empoli,8.155,U-Power Stadium,Gianluca Aureliano,Relatório da Partida,
2.0,sáb,2023-08-26,20:45,Hellas Verona,0.7,2–1,1.5,Roma,23.147,Stadio Marc'Antonio Bentegodi,Daniele Doveri,Relatório da Partida,
2.0,sáb,2023-08-26,20:45,Milan,3.0,4–1,0.5,Torino,72.013,Stadio Giuseppe Meazza,Maurizio Mariani,Relatório da Partida,
2.0,dom,2023-08-27,18:30,Juventus,0.8,1–1,0.5,Bologna,36.107,Allianz Stadium,Marco Di Bello,Relatório da Partida,
2.0,dom,2023-08-27,18:30,Fiorentina,1.3,2–2,0.3,Lecce,34.604,Stadio Artemio Franchi,Maria Sole Ferrieri Caputi,Relatório da Partida,
2.0,dom,2023-08-27,20:45,Napoli,3.5,2–0,0.2,Sassuolo,46.925,Stadio Diego Armando Maradona,Antonio Giua,Relatório da Partida,
2.0,dom,2023-08-27,20:45,Lazio,1.4,0–1,0.6,Genoa,40.0,Stadio Olimpico,Livio Marinelli,Relatório da Partida,
2.0,seg,2023-08-28,18:30,Salernitana,0.5,1–1,0.8,Udinese,20.0,Stadio Arechi,Davide Massa,Relatório da Partida,
2.0,seg,2023-08-28,20:45,Cagliari,0.6,0–2,0.9,Inter,16.412,Unipol Domus,Michael Fabbri,Relatório da Partida,
,,,,,,,,,,,,,
3.0,sex,2023-09-01,18:30,Sassuolo,1.7,3–1,0.6,Hellas Verona,10.356,Mapei Stadium - Città del Tricolore,Marco Piccinini,Relatório da Partida,
3.0,sex,2023-09-01,20:45,Roma,0.7,1–2,1.5,Milan,61.69,Stadio Olimpico,Antonio Rapuano,Relatório da Partida,
3.0,sáb,2023-09-02,18:30,Bologna,2.3,2–1,0.5,Cagliari,22.818,Stadio Renato Dall'Ara,Daniele Orsato,Relatório da Partida,
3.0,sáb,2023-09-02,18:30,Udinese,1.5,0–0,1.8,Frosinone,20.116,Bluenergy Stadium,Marco Guida,Relatório da Partida,
3.0,sáb,2023-09-02,20:45,Napoli,1.3,1–2,0.6,Lazio,42.0,Stadio Diego Armando Maradona,Andrea Colombo,Relatório da Partida,
3.0,sáb,2023-09-02,20:45,Atalanta,1.3,3–0,0.4,Monza,14.985,Gewiss Stadium,Matteo Marcenaro,Relatório da Partida,
3.0,dom,2023-09-03,18:30,Torino,0.4,1–0,0.2,Genoa,24.433,Stadio Olimpico di Torino,Daniele Chiffi,Relatório da Partida,
3.0,dom,2023-09-03,18:30,Inter,3.7,4–0,0.4,Fiorentina,72.739,Stadio Giuseppe Meazza,Matteo Marchetti,Relatório da Partida,
3.0,dom,2023-09-03,20:45,Lecce,1.7,2–0,1.1,Salernitana,28.052,Stadio Comunale Via Del Mare,Luca Massimi,Relatório da Partida,
3.0,dom,2023-09-03,20:45,Empoli,0.3,0–2,2.7,Juventus,15.702,Stadio Carlo Castellani,Giovanni Ayroldi,Relatório da Partida,
,,,,,,,,,,,,,
4.0,sáb,2023-09-16,15:00,Juventus,2.2,3–1,0.6,Lazio,40.652,Allianz Stadium,Fabio Maresca,Relatório da Partida,
4.0,sáb,2023-09-16,18:00,Inter,2.6,5–1,1.1,Milan,75.571,Stadio Giuseppe Meazza,Simone Sozza,Relatório da Partida,
4.0,sáb,2023-09-16,20:45,Genoa,1.2,2–2,0.9,Napoli,33.275,Stadio Comunale Luigi Ferraris,Michael Fabbri,Relatório da Partida,
4.0,dom,2023-09-17,12:30,Cagliari,1.6,0–0,0.7,Udinese,15.121,Unipol Domus,Daniele Doveri,Relatório da Partida,
4.0,dom,2023-09-17,15:00,Monza,2.2,1–1,0.9,Lecce,13.074,U-Power Stadium,Livio Marinelli,Relatório da Partida,
4.0,dom,2023-09-17,15:00,Frosinone,2.8,4–2,1.3,Sassuolo,13.133,Stadio Benito Stirpe,Alessandro Prontera,Relatório da Partida,
4.0,dom,2023-09-17,18:00,Fiorentina,1.1,3–2,0.7,Atalanta,32.1,Stadio Artemio Franchi,Luca Pairetto,Relatório da Partida,
4.0,dom,2023-09-17,20:45,Roma,2.4,7–0,0.2,Empoli,61.443,Stadio Olimpico,Juan Sacchi,Relatório da Partida,
4.0,seg,2023-09-18,18:30,Salernitana,0.7,0–3,1.8,Torino,15.48,Stadio Arechi,Antonio Giua,Relatório da Partida,
4.0,seg,2023-09-18,20:45,Hellas Verona,0.4,0–0,0.6,Bologna,18.863,Stadio Marc'Antonio Bentegodi,Federico La Penna,Relatório da Partida,
,,,,,,,,,,,,,
5.0,sex,2023-09-22,18:30,Salernitana,1.1,1–1,0.7,Frosinone,16.217,Stadio Arechi,Marco Piccinini,Relatório da Partida,
5.0,sex,2023-09-22,20:45,Lecce,0.9,1–0,0.3,Genoa,27.0,Stadio Comunale Via Del Mare,Antonio Rapuano,Relatório da Partida,
5.0,sáb,2023-09-23,15:00,Milan,0.9,1–0,0.6,Hellas Verona,71.07,Stadio Giuseppe Meazza,Fabio Maresca,Relatório da Partida,
5.0,sáb,2023-09-23,18:00,Sassuolo,1.6,4–2,1.2,Juventus,20.141,Mapei Stadium - Città del Tricolore,Andrea Colombo,Relatório da Partida,
5.0,sáb,2023-09-23,20:45,Lazio,1.0,1–1,1.2,Monza,36.0,Stadio Olimpico,Rosario Abisso,Relatório da Partida,
5.0,dom,2023-09-24,12:30,Empoli,0.3,0–1,1.6,Inter,15.651,Stadio Carlo Castellani,Matteo Marcenaro,Relatório da Partida,
5.0,dom,2023-09-24,15:00,Atalanta,1.7,2–0,0.8,Cagliari,14.739,Gewiss Stadium,Ermanno Feliciani,Relatório da Partida,
5.0,dom,2023-09-24,15:00,Udinese,2.2,0–2,0.5,Fiorentina,21.229,Bluenergy Stadium,Daniele Chiffi,Relatório da Partida,
5.0,dom,2023-09-24,18:00,Bologna,0.2,0–0,2.1,Napoli,26.621,Stadio Renato Dall'Ara,Giovanni Ayroldi,Relatório da Partida,
5.0,dom,2023-09-24,20:45,Torino,0.9,1–1,1.4,Roma,23.299,Stadio Olimpico di Torino,Marco Guida,Relatório da Partida,
,,,,,,,,,,,,,
6.0,ter,2023-09-26,20:45,Juventus,1.4,1–0,0.1,Lecce,37.498,Allianz Stadium,Antonio Giua,Relatório da Partida,
6.0,qua,2023-09-27,18:30,Hellas Verona,0.5,0–1,1.2,Atalanta,15.936,Stadio Marc'Antonio Bentegodi,Federico Dionisi,Relatório da Partida,
6.0,qua,2023-09-27,18:30,Empoli,3.2,1–0,0.6,Salernitana,7.979,Stadio Carlo Castellani,Antonio Rapuano,Relatório da Partida,
6.0,qua,2023-09-27,18:30,Cagliari,0.9,1–3,2.1,Milan,16.348,Unipol Domus,Federico La Penna,Relatório da Partida,
6.0,qua,2023-09-27,20:45,Napoli,3.3,4–1,0.7,Udinese,45.305,Stadio Diego Armando Maradona,Gianluca Manganiello,Relatório da Partida,
6.0,qua,2023-09-27,20:45,Lazio,0.9,2–0,0.3,Torino,35.1,Stadio Olimpico,Michael Fabbri,Relatório da Partida,
6.0,qua,2023-09-27,20:45,Inter,0.9,1–2,1.0,Sassuolo,70.864,Stadio Giuseppe Meazza,Luca Massimi,Relatório da Partida,
6.0,qui,2023-09-28,18:30,Monza,0.7,0–0,0.7,Bologna,8.93,U-Power Stadium,Ivan Pezzuto,Relatório da Partida,
6.0,qui,2023-09-28,18:30,Frosinone,0.7,1–1,1.4,Fiorentina,14.755,Stadio Benito Stirpe,Francesco Fourneau,Relatório da Partida,
6.0,qui,2023-09-28,20:45,Genoa,1.1,4–1,1.4,Roma,32.961,Stadio Comunale Luigi Ferraris,Daniele Orsato,Relatório da Partida,
,,,,,,,,,,,,,
7.0,sáb,2023-09-30,15:00,Lecce,0.5,0–4,2.5,Napoli,27.588,Stadio Comunale Via Del Mare,Luca Pairetto,Relatório da Partida,
7.0,sáb,2023-09-30,18:00,Milan,2.2,2–0,0.5,Lazio,72.035,Stadio Giuseppe Meazza,Davide Massa,Relatório da Partida,
7.0,sáb,2023-09-30,20:45,Salernitana,0.6,0–4,2.3,Inter,28.085,Stadio Arechi,Rosario Abisso,Relatório da Partida,
7.0,dom,2023-10-01,12:30,Bologna,2.4,3–0,0.9,Empoli,23.689,Stadio Renato Dall'Ara,Fabio Maresca,Relatório da Partida,
7.0,dom,2023-10-01,15:00,Udinese,1.3,2–2,0.8,Genoa,20.805,Bluenergy Stadium,Maurizio Mariani,Relatório da Partida,
7.0,dom,2023-10-01,18:00,Atalanta,1.2,0–0,0.2,Juventus,14.811,Gewiss Stadium,Daniele Chiffi,Relatório da Partida,
7.0,dom,2023-10-01,20:45,Roma,0.6,2–0,0.9,Frosinone,62.638,Stadio Olimpico,Matteo Marchetti,Relatório da Partida,
7.0,seg,2023-10-02,18:30,Sassuolo,1.4,0–1,1.5,Monza,10.165,Mapei Stadium - Città del Tricolore,Luca Zufferli,Relatório da Partida,
7.0,seg,2023-10-02,18:30,Torino,0.6,0–0,0.3,Hellas Verona,19.419,Stadio Olimpico di Torino,Ermanno Feliciani,Relatório da Partida,
7.0,seg,2023-10-02,20:45,Fiorentina,1.2,3–0,0.8,Cagliari,27.309,Stadio Artemio Franchi,Marco Di Bello,Relatório da Partida,
,,,,,,,,,,,,,
8.0,sex,2023-10-06,18:30,Empoli,1.3,0–0,0.7,Udinese,7.128,Stadio Carlo Castellani,Michael Fabbri,Relatório da Partida,
8.0,sex,2023-10-06,20:45,Lecce,1.7,1–1,1.5,Sassuolo,26.16,Stadio Comunale Via Del Mare,Juan Sacchi,Relatório da Partida,
8.0,sáb,2023-10-07,15:00,Inter,0.7,2–2,1.3,Bologna,74.072,Stadio Giuseppe Meazza,Marco Guida,Relatório da Partida,
8.0,sáb,2023-10-07,18:00,Juventus,1.9,2–0,0.6,Torino,38.858,Allianz Stadium,Davide Massa,Relatório da Partida,
8.0,sáb,2023-10-07,20:45,Genoa,0.5,0–1,0.6,Milan,33.157,Stadio Comunale Luigi Ferraris,Marco Piccinini,Relatório da Partida,
8.0,dom,2023-10-08,12:30,Monza,2.8,3–0,0.6,Salernitana,12.494,U-Power Stadium,Luca Massimi,Relatório da Partida,
8.0,dom,2023-10-08,15:00,Lazio,1.6,3–2,1.0,Atalanta,41.0,Stadio Olimpico,Daniele Orsato,Relatório da Partida,
8.0,dom,2023-10-08,15:00,Frosinone,1.8,2–1,0.8,Hellas Verona,13.034,Stadio Benito Stirpe,Maria Sole Ferrieri Caputi,Relatório da Partida,
8.0,dom,2023-10-08,18:00,Cagliari,1.7,1–4,2.6,Roma,16.307,Unipol Domus,Simone Sozza,Relatório da Partida,
8.0,dom,2023-10-08,20:45,Napoli,1.8,1–3,2.1,Fiorentina,45.0,Stadio Diego Armando Maradona,Federico La Penna,Relatório da Partida,
,,,,,,,,,,,,,
9.0,sáb,2023-10-21,15:00,Hellas Verona,1.3,1–3,2.3,Napoli,20.549,Stadio Marc'Antonio Bentegodi,Rosario Abisso,Relatório da Partida,
9.0,sáb,2023-10-21,18:00,Torino,0.4,0–3,2.5,Inter,26.193,Stadio Olimpico di Torino,Matteo Marchetti,Relatório da Partida,
9.0,sáb,2023-10-21,20:45,Sassuolo,0.5,0–2,2.3,Lazio,15.597,Mapei Stadium - Città del Tricolore,Marco Di Bello,Relatório da Partida,
9.0,dom,2023-10-22,12:30,Roma,1.7,1–0,0.4,Monza,62.022,Stadio Olimpico,Giovanni Ayroldi,Relatório da Partida,
9.0,dom,2023-10-22,15:00,Bologna,1.5,2–1,1.5,Frosinone,26.729,Stadio Renato Dall'Ara,Daniele Doveri,Relatório da Partida,
9.0,dom,2023-10-22,15:00,Salernitana,1.5,2–2,1.7,Cagliari,17.409,Stadio Arechi,Daniele Chiffi,Relatório da Partida,
9.0,dom,2023-10-22,18:00,Atalanta,1.2,2–0,1.0,Genoa,14.848,Gewiss Stadium,Livio Marinelli,Relatório da Partida,
9.0,dom,2023-10-22,20:45,Milan,0.3,0–1,1.4,Juventus,75.676,Stadio Giuseppe Meazza,Maurizio Mariani,Relatório da Partida,
9.0,seg,2023-10-23,18:30,Udinese,2.1,1–1,0.8,Lecce,20.113,Bluenergy Stadium,Paride Tremolada,Relatório da Partida,
9.0,seg,2023-10-23,20:45,Fiorentina,1.0,0–2,1.5,Empoli,43.147,Stadio Artemio Franchi,Federico Dionisi,Relatório da Partida,
,,,,,,,,,,,,,
10.0,sex,2023-10-27,20:45,Genoa,0.5,1–0,0.6,Salernitana,31.904,Stadio Comunale Luigi Ferraris,Davide Massa,Relatório da Partida,
10.0,sáb,2023-10-28,15:00,Sassuolo,0.9,1–1,1.0,Bologna,16.931,Mapei Stadium - Città del Tricolore,Antonio Giua,Relatório da Partida,
10.0,sáb,2023-10-28,18:00,Lecce,0.5,0–1,0.8,Torino,26.123,Stadio Comunale Via Del Mare,Gianluca Aureliano,Relatório da Partida,
10.0,sáb,2023-10-28,20:45,Juventus,3.3,1–0,0.3,Hellas Verona,39.429,Allianz Stadium,Ermanno Feliciani,Relatório da Partida,
10.0,dom,2023-10-29,12:30,Cagliari,3.4,4–3,1.5,Frosinone,15.946,Unipol Domus,Luca Pairetto,Relatório da Partida,
10.0,dom,2023-10-29,15:00,Monza,0.5,1–1,1.1,Udinese,10.311,U-Power Stadium,Alessandro Prontera,Relatório da Partida,
10.0,dom,2023-10-29,18:00,Inter,2.2,1–0,0.1,Roma,75.573,Stadio Giuseppe Meazza,Fabio Maresca,Relatório da Partida,
10.0,dom,2023-10-29,20:45,Napoli,1.7,2–2,2.0,Milan,54.0,Stadio Diego Armando Maradona,Daniele Orsato,Relatório da Partida,
10.0,seg,2023-10-30,18:30,Empoli,0.3,0–3,1.6,Atalanta,7.825,Stadio Carlo Castellani,Luca Massimi,Relatório da Partida,
10.0,seg,2023-10-30,20:45,Lazio,1.9,1–0,0.4,Fiorentina,35.0,Stadio Olimpico,Matteo Marcenaro,Relatório da Partida,
,,,,,,,,,,,,,
11.0,sex,2023-11-03,20:45,Bologna,0.6,1–0,0.5,Lazio,24.178,Stadio Renato Dall'Ara,Federico La Penna,Relatório da Partida,
11.0,sáb,2023-11-04,15:00,Salernitana,0.3,0–2,1.4,Napoli,16.812,Stadio Arechi,Antonio Rapuano,Relatório da Partida,
11.0,sáb,2023-11-04,18:00,Atalanta,1.0,1–2,1.3,Inter,14.945,Gewiss Stadium,Simone Sozza,Relatório da Partida,
11.0,sáb,2023-11-04,20:45,Milan,0.9,0–1,1.4,Udinese,71.018,Stadio Giuseppe Meazza,Juan Sacchi,Relatório da Partida,
11.0,dom,2023-11-05,12:30,Hellas Verona,1.0,1–3,0.9,Monza,17.505,Stadio Marc'Antonio Bentegodi,Giuseppe Collu,Relatório da Partida,
11.0,dom,2023-11-05,15:00,Cagliari,0.9,2–1,1.0,Genoa,16.412,Unipol Domus,Marco Guida,Relatório da Partida,
11.0,dom,2023-11-05,18:00,Roma,2.0,2–1,0.8,Lecce,64.79,Stadio Olimpico,Andrea Colombo,Relatório da Partida,
11.0,dom,2023-11-05,20:45,Fiorentina,0.7,0–1,0.7,Juventus,38.225,Stadio Artemio Franchi,Daniele Chiffi,Relatório da Partida,
11.0,seg,2023-11-06,18:30,Frosinone,0.8,2–1,1.5,Empoli,13.229,Stadio Benito Stirpe,Gianluca Manganiello,Relatório da Partida,
11.0,seg,2023-11-06,20:45,Torino,3.5,2–1,0.5,Sassuolo,18.0,Stadio Olimpico di Torino,Maria Sole Ferrieri Caputi,Relatório da Partida,
,,,,,,,,,,,,,
12.0,sex,2023-11-10,18:30,Sassuolo,2.9,2–2,0.8,Salernitana,10.945,Mapei Stadium - Città del Tricolore,Davide Ghersini,Relatório da Partida,
12.0,sex,2023-11-10,20:45,Genoa,1.6,1–0,0.2,Hellas Verona,30.421,Stadio Comunale Luigi Ferraris,Daniele Orsato,Relatório da Partida,
12.0,sáb,2023-11-11,15:00,Lecce,1.4,2–2,1.1,Milan,26.48,Stadio Comunale Via Del Mare,Rosario Abisso,Relatório da Partida,
12.0,sáb,2023-11-11,18:00,Juventus,2.3,2–1,0.6,Cagliari,39.892,Allianz Stadium,Marco Piccinini,Relatório da Partida,
12.0,sáb,2023-11-11,20:45,Monza,0.9,1–1,1.0,Torino,11.777,U-Power Stadium,Daniele Doveri,Relatório da Partida,
12.0,dom,2023-11-12,12:30,Napoli,0.9,0–1,0.5,Empoli,50.5,Stadio Diego Armando Maradona,Alessandro Prontera,Relatório da Partida,
12.0,dom,2023-11-12,15:00,Fiorentina,1.4,2–1,1.8,Bologna,29.75,Stadio Artemio Franchi,Fabio Maresca,Relatório da Partida,
12.0,dom,2023-11-12,15:00,Udinese,1.5,1–1,0.7,Atalanta,23.1,Bluenergy Stadium,Gianluca Aureliano,Relatório da Partida,
12.0,dom,2023-11-12,18:00,Lazio,0.4,0–0,0.4,Roma,63.0,Stadio Olimpico,Davide Massa,Relatório da Partida,
12.0,dom,2023-11-12,20:45,Inter,3.1,2–0,0.7,Frosinone,70.816,Stadio Giuseppe Meazza,Federico Dionisi,Relatório da Partida,
,,,,,,,,,,,,,
13.0,sáb,2023-11-25,15:00,Salernitana,1.7,2–1,2.0,Lazio,16.7,Stadio Arechi,Alessandro Prontera,Relatório da Partida,
13.0,sáb,2023-11-25,18:00,Atalanta,1.0,1–2,2.0,Napoli,14.743,Gewiss Stadium,Maurizio Mariani,Relatório da Partida,
13.0,sáb,2023-11-25,20:45,Milan,1.8,1–0,1.8,Fiorentina,73.074,Stadio Giuseppe Meazza,Marco Di Bello,Relatório da Partida,
13.0,dom,2023-11-26,12:30,Cagliari,1.6,1–1,0.7,Monza,16.291,Unipol Domus,Matteo Marchetti,Relatório da Partida,
13.0,dom,2023-11-26,15:00,Frosinone,0.6,2–1,1.3,Genoa,14.018,Stadio Benito Stirpe,Luca Zufferli,Relatório da Partida,
13.0,dom,2023-11-26,15:00,Empoli,1.4,3–4,2.3,Sassuolo,9.954,Stadio Carlo Castellani,Simone Sozza,Relatório da Partida,
13.0,dom,2023-11-26,18:00,Roma,1.4,3–1,0.5,Udinese,61.015,Stadio Olimpico,Luca Massimi,Relatório da Partida,
13.0,dom,2023-11-26,20:45,Juventus,0.4,1–1,0.9,Inter,41.507,Allianz Stadium,Marco Guida,Relatório da Partida,
13.0,seg,2023-11-27,18:30,Hellas Verona,1.7,2–2,1.0,Lecce,16.73,Stadio Marc'Antonio Bentegodi,Federico La Penna,Relatório da Partida,
13.0,seg,2023-11-27,20:45,Bologna,1.5,2–0,0.4,Torino,20.705,Stadio Renato Dall'Ara,Andrea Colombo,Relatório da Partida,
,,,,,,,,,,,,,
14.0,sex,2023-12-01,20:45,Monza,0.7,1–2,2.5,Juventus,15.148,U-Power Stadium,Michael Fabbri,Relatório da Partida,
14.0,sáb,2023-12-02,15:00,Genoa,1.0,1–1,0.8,Empoli,30.747,Stadio Comunale Luigi Ferraris,Gianluca Aureliano,Relatório da Partida,
14.0,sáb,2023-12-02,18:00,Lazio,2.0,1–0,0.6,Cagliari,37.0,Stadio Olimpico,Federico Dionisi,Relatório da Partida,
14.0,sáb,2023-12-02,20:45,Milan,1.2,3–1,0.7,Frosinone,68.684,Stadio Giuseppe Meazza,Matteo Marchetti,Relatório da Partida,
14.0,dom,2023-12-03,12:30,Lecce,1.5,1–1,1.2,Bologna,24.326,Stadio Comunale Via Del Mare,Daniele Doveri,Relatório da Partida,
14.0,dom,2023-12-03,15:00,Udinese,1.9,3–3,1.3,Hellas Verona,22.294,Bluenergy Stadium,Fabio Maresca,Relatório da Partida,
14.0,dom,2023-12-03,15:00,Fiorentina,2.5,3–0,0.8,Salernitana,26.286,Stadio Artemio Franchi,Paride Tremolada,Relatório da Partida,
14.0,dom,2023-12-03,18:00,Sassuolo,0.8,1–2,2.3,Roma,19.113,Mapei Stadium - Città del Tricolore,Matteo Marcenaro,Relatório da Partida,
14.0,dom,2023-12-03,20:45,Napoli,0.6,0–3,2.7,Inter,55.0,Stadio Diego Armando Maradona,Davide Massa,Relatório da Partida,
14.0,seg,2023-12-04,20:45,Torino,1.7,3–0,0.5,Atalanta,18.507,Stadio Olimpico di Torino,Marco Piccinini,Relatório da Partida,
,,,,,,,,,,,,,
15.0,sex,2023-12-08,20:45,Juventus,0.9,1–0,1.2,Napoli,41.4,Allianz Stadium,Daniele Orsato,Relatório da Partida,
15.0,sáb,2023-12-09,15:00,Hellas Verona,1.0,1–1,1.0,Lazio,28.311,Stadio Marc'Antonio Bentegodi,Giovanni Ayroldi,Relatório da Partida,
15.0,sáb,2023-12-09,18:00,Atalanta,3.3,3–2,1.5,Milan,14.907,Gewiss Stadium,Federico La Penna,Relatório da Partida,
15.0,sáb,2023-12-09,20:45,Inter,3.5,4–0,0.8,Udinese,71.874,Stadio Giuseppe Meazza,Marco Di Bello,Relatório da Partida,
15.0,dom,2023-12-10,12:30,Frosinone,0.8,0–0,1.2,Torino,13.807,Stadio Benito Stirpe,Luca Massimi,Relatório da Partida,
15.0,dom,2023-12-10,15:00,Monza,0.4,1–0,1.4,Genoa,13.283,U-Power Stadium,Giuseppe Collu,Relatório da Partida,
15.0,dom,2023-12-10,18:00,Salernitana,0.5,1–2,2.1,Bologna,16.7,Stadio Arechi,Simone Sozza,Relatório da Partida,
15.0,dom,2023-12-10,20:45,Roma,0.7,1–1,1.5,Fiorentina,60.932,Stadio Olimpico,Antonio Rapuano,Relatório da Partida,
15.0,seg,2023-12-11,18:30,Empoli,1.4,1–1,0.8,Lecce,7.152,Stadio Carlo Castellani,Andrea Colombo,Relatório da Partida,
15.0,seg,2023-12-11,20:45,Cagliari,1.1,2–1,0.8,Sassuolo,15.769,Unipol Domus,Maurizio Mariani,Relatório da Partida,
,,,,,,,,,,,,,
16.0,sex,2023-12-15,20:45,Genoa,0.8,1–1,1.7,Juventus,33.232,Stadio Comunale Luigi Ferraris,Davide Massa,Relatório da Partida,
16.0,sáb,2023-12-16,15:00,Lecce,0.7,2–1,1.7,Frosinone,23.645,Stadio Comunale Via Del Mare,Luca Zufferli,Relatório da Partida,
16.0,sáb,2023-12-16,18:00,Napoli,1.8,2–1,1.1,Cagliari,45.0,Stadio Diego Armando Maradona,Matteo Marcenaro,Relatório da Partida,
16.0,sáb,2023-12-16,20:45,Torino,1.1,1–0,0.3,Empoli,17.815,Stadio Olimpico di Torino,Livio Marinelli,Relatório da Partida,
16.0,dom,2023-12-17,12:30,Milan,2.0,3–0,1.5,Monza,70.538,Stadio Giuseppe Meazza,Gianluca Aureliano,Relatório da Partida,
16.0,dom,2023-12-17,15:00,Fiorentina,0.5,1–0,2.5,Hellas Verona,26.311,Stadio Artemio Franchi,Maria Sole Ferrieri Caputi,Relatório da Partida,
16.0,dom,2023-12-17,15:00,Udinese,0.8,2–2,3.0,Sassuolo,20.49,Bluenergy Stadium,Gianluca Manganiello,Relatório da Partida,
16.0,dom,2023-12-17,18:00,Bologna,0.5,2–0,0.6,Roma,25.579,Stadio Renato Dall'Ara,Marco Guida,Relatório da Partida,
16.0,dom,2023-12-17,20:45,Lazio,1.5,0–2,1.6,Inter,59.0,Stadio Olimpico,Fabio Maresca,Relatório da Partida,
16.0,seg,2023-12-18,20:45,Atalanta,1.9,4–1,1.3,Salernitana,14.264,Gewiss Stadium,Ermanno Feliciani,Relatório da Partida,
,,,,,,,,,,,,,
17.0,sex,2023-12-22,18:30,Sassuolo,1.4,1–2,1.6,Genoa,11.745,Mapei Stadium - Città del Tricolore,Marco Guida,Relatório da Partida,
17.0,sex,2023-12-22,18:30,Empoli,0.8,0–2,2.3,Lazio,8.8,Stadio Carlo Castellani,Matteo Marchetti,Relatório da Partida,
17.0,sex,2023-12-22,20:45,Monza,0.7,0–1,2.0,Fiorentina,10.12,U-Power Stadium,Juan Sacchi,Relatório da Partida,
17.0,sex,2023-12-22,20:45,Salernitana,1.4,2–2,2.2,Milan,23.467,Stadio Arechi,Daniele Doveri,Relatório da Partida,
17.0,sáb,2023-12-23,12:30,Frosinone,0.5,1–2,1.1,Juventus,38.225,Stadio Benito Stirpe,Maurizio Mariani,Relatório da Partida,
17.0,sáb,2023-12-23,15:00,Torino,1.0,1–1,0.9,Udinese,23.546,Stadio Olimpico di Torino,Michael Fabbri,Relatório da Partida,
17.0,sáb,2023-12-23,15:00,Bologna,0.7,1–0,1.2,Atalanta,28.082,Stadio Renato Dall'Ara,Antonio Rapuano,Relatório da Partida,
17.0,sáb,2023-12-23,18:00,Inter,2.9,2–0,1.3,Lecce,72.723,Stadio Giuseppe Meazza,Matteo Marcenaro,Relatório da Partida,
17.0,sáb,2023-12-23,18:00,Hellas Verona,0.9,2–0,0.8,Cagliari,16.716,Stadio Marc'Antonio Bentegodi,Daniele Orsato,Relatório da Partida,
17.0,sáb,2023-12-23,20:45,Roma,1.9,2–0,0.7,Napoli,62.141,Stadio Olimpico,Andrea Colombo,Relatório da Partida,
,,,,,,,,,,,,,
18.0,sex,2023-12-29,18:30,Napoli,2.0,0–0,1.1,Monza,32.915,Stadio Diego Armando Maradona,Marco Di Bello,Relatório da Partida,
18.0,sex,2023-12-29,18:30,Fiorentina,0.5,1–0,0.3,Torino,32.915,Stadio Artemio Franchi,Federico La Penna,Relatório da Partida,
18.0,sex,2023-12-29,20:45,Lazio,1.5,3–1,1.1,Frosinone,40.0,Stadio Olimpico,Ermanno Feliciani,Relatório da Partida,
18.0,sex,2023-12-29,20:45,Genoa,0.5,1–1,1.8,Inter,33.249,Stadio Comunale Luigi Ferraris,Daniele Doveri,Relatório da Partida,
18.0,sáb,2023-12-30,12:30,Atalanta,1.1,1–0,1.2,Lecce,14.864,Gewiss Stadium,Gianluca Manganiello,Relatório da Partida,
18.0,sáb,2023-12-30,15:00,Udinese,1.1,3–0,0.9,Bologna,24.786,Bluenergy Stadium,Daniele Orsato,Relatório da Partida,
18.0,sáb,2023-12-30,15:00,Cagliari,1.8,0–0,0.3,Empoli,16.125,Unipol Domus,Fabio Maresca,Relatório da Partida,
18.0,sáb,2023-12-30,18:00,Milan,1.5,1–0,0.5,Sassuolo,70.385,Stadio Giuseppe Meazza,Livio Marinelli,Relatório da Partida,
18.0,sáb,2023-12-30,18:00,Hellas Verona,0.8,0–1,0.5,Salernitana,18.181,Stadio Marc'Antonio Bentegodi,Maurizio Mariani,Relatório da Partida,
18.0,sáb,2023-12-30,20:45,Juventus,1.1,1–0,0.5,Roma,41.503,Allianz Stadium,Simone Sozza,Relatório da Partida,
,,,,,,,,,,,,,
19.0,sex,2024-01-05,20:45,Bologna,1.3,1–1,0.1,Genoa,25.095,Stadio Renato Dall'Ara,Andrea Colombo,Relatório da Partida,
19.0,sáb,2024-01-06,12:30,Inter,1.9,2–1,1.3,Hellas Verona,71.691,Stadio Giuseppe Meazza,Michael Fabbri,Relatório da Partida,
19.0,sáb,2024-01-06,15:00,Frosinone,1.2,2–3,1.3,Monza,13.146,Stadio Benito Stirpe,Maria Sole Ferrieri Caputi,Relatório da Partida,
19.0,sáb,2024-01-06,18:00,Lecce,1.5,1–1,1.0,Cagliari,25.203,Stadio Comunale Via Del Mare,Davide Massa,Relatório da Partida,
19.0,sáb,2024-01-06,20:45,Sassuolo,0.9,1–0,1.2,Fiorentina,15.759,Mapei Stadium - Città del Tricolore,Rosario Abisso,Relatório da Partida,
19.0,dom,2024-01-07,12:30,Empoli,0.9,0–3,1.7,Milan,15.009,Stadio Carlo Castellani,Federico La Penna,Relatório da Partida,
19.0,dom,2024-01-07,15:00,Udinese,0.7,1–2,0.5,Lazio,23.033,Bluenergy Stadium,Juan Sacchi,Relatório da Partida,
19.0,dom,2024-01-07,15:00,Torino,2.1,3–0,1.0,Napoli,23.96,Stadio Olimpico di Torino,Maurizio Mariani,Relatório da Partida,
19.0,dom,2024-01-07,18:00,Salernitana,0.8,1–2,2.0,Juventus,40.548,Stadio Arechi,Marco Guida,Relatório da Partida,
19.0,dom,2024-01-07,20:45,Roma,2.1,1–1,0.7,Atalanta,60.022,Stadio Olimpico,Gianluca Aureliano,Relatório da Partida,
,,,,,,,,,,,,,
20.0,sáb,2024-01-13,15:00,Napoli,2.2,2–1,0.1,Salernitana,35.0,Stadio Diego Armando Maradona,Livio Marinelli,Relatório da Partida,
20.0,sáb,2024-01-13,15:00,Genoa,0.5,0–0,0.4,Torino,33.019,Stadio Comunale Luigi Ferraris,Antonio Giua,Relatório da Partida,
20.0,sáb,2024-01-13,18:00,Hellas Verona,0.8,2–1,0.8,Empoli,28.723,Stadio Marc'Antonio Bentegodi,Daniele Doveri,Relatório da Partida,
20.0,sáb,2024-01-13,20:45,Monza,1.0,1–5,4.3,Inter,14.67,U-Power Stadium,Antonio Rapuano,Relatório da Partida,
20.0,dom,2024-01-14,12:30,Lazio,0.9,1–0,1.1,Lecce,40.0,Stadio Olimpico,Maria Sole Ferrieri Caputi,Relatório da Partida,
20.0,dom,2024-01-14,15:00,Cagliari,0.7,2–1,0.6,Bologna,15.98,Unipol Domus,Gianluca Manganiello,Relatório da Partida,
20.0,dom,2024-01-14,18:00,Fiorentina,1.3,2–2,1.2,Udinese,23.686,Stadio Artemio Franchi,Luca Pairetto,Relatório da Partida,
20.0,dom,2024-01-14,20:45,Milan,1.5,3–1,1.4,Roma,74.198,Stadio Giuseppe Meazza,Marco Guida,Relatório da Partida,
20.0,seg,2024-01-15,20:45,Atalanta,3.7,5–0,0.4,Frosinone,14.195,Gewiss Stadium,Alessandro Prontera,Relatório da Partida,
20.0,ter,2024-01-16,20:45,Juventus,1.2,3–0,0.3,Sassuolo,39.005,Allianz Stadium,Marco Piccinini,Relatório da Partida,
,,,,,,,,,,,,,
21.0,sáb,2024-01-20,18:00,Roma,0.9,2–1,1.1,Hellas Verona,61.857,Stadio Olimpico,Juan Sacchi,Relatório da Partida,
21.0,sáb,2024-01-20,20:45,Udinese,0.6,2–3,2.6,Milan,24.591,Bluenergy Stadium,Fabio Maresca,Relatório da Partida,
21.0,dom,2024-01-21,12:30,Frosinone,2.8,3–1,0.6,Cagliari,13.925,Stadio Benito Stirpe,Federico Dionisi,Relatório da Partida,
21.0,dom,2024-01-21,15:00,Empoli,1.3,3–0,0.8,Monza,7.65,Stadio Carlo Castellani,Antonio Giua,Relatório da Partida,
21.0,dom,2024-01-21,18:00,Salernitana,0.8,1–2,1.1,Genoa,17.44,Stadio Arechi,Daniele Orsato,Relatório da Partida,
21.0,dom,2024-01-21,20:45,Lecce,0.6,0–3,2.1,Juventus,28.074,Stadio Comunale Via Del Mare,Daniele Doveri,Relatório da Partida,
,,,,,,,,,,,,,
22.0,sex,2024-01-26,20:45,Cagliari,2.2,1–2,1.6,Torino,16.196,Unipol Domus,Andrea Colombo,Relatório da Partida,
22.0,sáb,2024-01-27,15:00,Atalanta,1.1,2–0,0.6,Udinese,14.716,Gewiss Stadium,Marco Piccinini,Relatório da Partida,
22.0,sáb,2024-01-27,18:00,Juventus,0.8,1–1,0.8,Empoli,39.518,Allianz Stadium,Livio Marinelli,Relatório da Partida,
22.0,sáb,2024-01-27,20:45,Milan,3.3,2–2,1.8,Bologna,71.334,Stadio Giuseppe Meazza,Davide Massa,Relatório da Partida,
22.0,dom,2024-01-28,12:30,Genoa,1.7,2–1,1.8,Lecce,32.152,Stadio Comunale Luigi Ferraris,Luca Pairetto,Relatório da Partida,
22.0,dom,2024-01-28,15:00,Monza,0.4,1–0,0.8,Sassuolo,9.882,U-Power Stadium,Gianluca Manganiello,Relatório da Partida,
22.0,dom,2024-01-28,15:00,Hellas Verona,2.2,1–1,1.2,Frosinone,17.529,Stadio Marc'Antonio Bentegodi,Federico La Penna,Relatório da Partida,
22.0,dom,2024-01-28,18:00,Lazio,0.5,0–0,0.2,Napoli,30.0,Stadio Olimpico,Daniele Orsato,Relatório da Partida,
22.0,dom,2024-01-28,20:45,Fiorentina,1.8,0–1,0.5,Inter,35.084,Stadio Artemio Franchi,Gianluca Aureliano,Relatório da Partida,
22.0,seg,2024-01-29,20:45,Salernitana,1.2,1–2,1.6,Roma,18.038,Stadio Arechi,Marco Di Bello,Relatório da Partida,
,,,,,,,,,,,,,
23.0,sex,2024-02-02,20:45,Lecce,2.6,3–2,1.1,Fiorentina,24.778,Stadio Comunale Via Del Mare,Antonio Giua,Relatório da Partida,
23.0,sáb,2024-02-03,15:00,Udinese,0.9,0–0,0.1,Monza,11.373,Bluenergy Stadium,Alessandro Prontera,Relatório da Partida,
23.0,sáb,2024-02-03,15:00,Empoli,0.6,0–0,0.6,Genoa,10.374,Stadio Carlo Castellani,Ermanno Feliciani,Relatório da Partida,
23.0,sáb,2024-02-03,18:00,Frosinone,1.0,2–3,1.4,Milan,16.05,Stadio Benito Stirpe,Luca Pairetto,Relatório da Partida,
23.0,sáb,2024-02-03,20:45,Bologna,1.1,4–2,0.8,Sassuolo,20.932,Stadio Renato Dall'Ara,Juan Sacchi,Relatório da Partida,
23.0,dom,2024-02-04,12:30,Torino,0.8,0–0,0.1,Salernitana,24.461,Stadio Olimpico di Torino,Daniele Chiffi,Relatório da Partida,
23.0,dom,2024-02-04,15:00,Napoli,1.2,2–1,0.9,Hellas Verona,44.0,Stadio Diego Armando Maradona,Marco Piccinini,Relatório da Partida,
23.0,dom,2024-02-04,18:00,Atalanta,2.3,3–1,1.2,Lazio,14.492,Gewiss Stadium,Marco Guida,Relatório da Partida,
23.0,dom,2024-02-04,20:45,Inter,1.7,1–0,0.6,Juventus,75.547,Stadio Giuseppe Meazza,Fabio Maresca,Relatório da Partida,
23.0,seg,2024-02-05,20:45,Roma,2.5,4–0,0.6,Cagliari,61.755,Stadio Olimpico,Matteo Marcenaro,Relatório da Partida,
,,,,,,,,,,,,,
24.0,sex,2024-02-09,20:45,Salernitana,0.9,1–3,2.2,Empoli,18.511,Stadio Arechi,Maurizio Mariani,Relatório da Partida,
24.0,sáb,2024-02-10,15:00,Cagliari,0.8,1–3,1.3,Lazio,16.155,Unipol Domus,Marco Di Bello,Relatório da Partida,
24.0,sáb,2024-02-10,18:00,Roma,0.7,2–4,0.9,Inter,65.044,Stadio Olimpico,Marco Guida,Relatório da Partida,
24.0,sáb,2024-02-10,20:45,Sassuolo,0.4,1–1,1.0,Torino,10.955,Mapei Stadium - Città del Tricolore,Daniele Orsato,Relatório da Partida,
24.0,dom,2024-02-11,12:30,Fiorentina,2.2,5–1,1.1,Frosinone,25.397,Stadio Artemio Franchi,Ermanno Feliciani,Relatório da Partida,
24.0,dom,2024-02-11,15:00,Bologna,1.5,4–0,1.2,Lecce,24.658,Stadio Renato Dall'Ara,Gianluca Manganiello,Relatório da Partida,
24.0,dom,2024-02-11,15:00,Monza,0.7,0–0,0.7,Hellas Verona,10.855,U-Power Stadium,Davide Massa,Relatório da Partida,
24.0,dom,2024-02-11,18:00,Genoa,0.8,1–4,2.1,Atalanta,31.201,Stadio Comunale Luigi Ferraris,Andrea Colombo,Relatório da Partida,
24.0,dom,2024-02-11,20:45,Milan,0.9,1–0,0.7,Napoli,73.891,Stadio Giuseppe Meazza,Daniele Doveri,Relatório da Partida,
24.0,seg,2024-02-12,20:45,Juventus,1.7,0–1,0.7,Udinese,38.856,Allianz Stadium,Rosario Abisso,Relatório da Partida,
,,,,,,,,,,,,,
21.0,qua,2024-02-14,19:00,Bologna,2.1,2–0,0.9,Fiorentina,25.684,Stadio Renato Dall'Ara,Daniele Chiffi,Relatório da Partida,
,,,,,,,,,,,,,
25.0,sex,2024-02-16,19:00,Torino,1.2,2–0,0.5,Lecce,22.457,Stadio Olimpico di Torino,Giovanni Ayroldi,Relatório da Partida,
25.0,sex,2024-02-16,21:00,Inter,3.9,4–0,0.0,Salernitana,72.609,Stadio Giuseppe Meazza,Marco Piccinini,Relatório da Partida,
25.0,sáb,2024-02-17,15:00,Napoli,1.4,1–1,0.3,Genoa,47.0,Stadio Diego Armando Maradona,Juan Sacchi,Relatório da Partida,
25.0,sáb,2024-02-17,18:00,Hellas Verona,0.6,2–2,1.8,Juventus,26.0,Stadio Marc'Antonio Bentegodi,Marco Di Bello,Relatório da Partida,
25.0,sáb,2024-02-17,20:45,Atalanta,4.2,3–0,1.6,Sassuolo,14.474,Gewiss Stadium,Alessandro Prontera,Relatório da Partida,
25.0,dom,2024-02-18,12:30,Lazio,1.1,1–2,1.4,Bologna,37.0,Stadio Olimpico,Fabio Maresca,Relatório da Partida,
25.0,dom,2024-02-18,15:00,Empoli,1.0,1–1,0.7,Fiorentina,12.49,Stadio Carlo Castellani,Luca Pairetto,Relatório da Partida,
25.0,dom,2024-02-18,15:00,Udinese,1.0,1–1,0.2,Cagliari,15.445,Bluenergy Stadium,Maurizio Mariani,Relatório da Partida,
25.0,dom,2024-02-18,18:00,Frosinone,1.4,0–3,1.8,Roma,16.056,Stadio Benito Stirpe,Antonio Giua,Relatório da Partida,
25.0,dom,2024-02-18,20:45,Monza,1.8,4–2,1.3,Milan,14.319,U-Power Stadium,Andrea Colombo,Relatório da Partida,
,,,,,,,,,,,,,
21.0,qui,2024-02-22,20:45,Torino,1.5,0–2,0.5,Lazio,22.742,Stadio Olimpico di Torino,Federico La Penna,Relatório da Partida,
,,,,,,,,,,,,,
26.0,sex,2024-02-23,20:45,Bologna,1.6,2–0,0.6,Hellas Verona,26.033,Stadio Renato Dall'Ara,Rosario Abisso,Relatório da Partida,
26.0,sáb,2024-02-24,15:00,Sassuolo,1.7,2–3,2.0,Empoli,,Mapei Stadium - Città del Tricolore,Gianluca Aureliano,Relatório da Partida,
26.0,sáb,2024-02-24,18:00,Salernitana,0.9,0–2,2.4,Monza,18.56,Stadio Arechi,Michael Fabbri,Relatório da Partida,
26.0,sáb,2024-02-24,20:45,Genoa,1.3,2–0,0.3,Udinese,31.126,Stadio Comunale Luigi Ferraris,Francesco Fourneau,Relatório da Partida,
26.0,dom,2024-02-25,12:30,Juventus,2.0,3–2,0.4,Frosinone,40.719,Allianz Stadium,Antonio Rapuano,Relatório da Partida,
26.0,dom,2024-02-25,15:00,Cagliari,0.7,1–1,1.3,Napoli,16.382,Unipol Domus,Luca Pairetto,Relatório da Partida,
26.0,dom,2024-02-25,18:00,Lecce,1.0,0–4,2.9,Inter,27.91,Stadio Comunale Via Del Mare,Daniele Doveri,Relatório da Partida,
26.0,dom,2024-02-25,20:45,Milan,1.3,1–1,1.1,Atalanta,71.264,Stadio Giuseppe Meazza,Daniele Orsato,Relatório da Partida,
26.0,seg,2024-02-26,18:30,Roma,1.4,3–2,0.6,Torino,61.595,Stadio Olimpico,Juan Sacchi,Relatório da Partida,
26.0,seg,2024-02-26,20:45,Fiorentina,2.5,2–1,0.3,Lazio,25.19,Stadio Artemio Franchi,Marco Guida,Relatório da Partida,
,,,,,,,,,,,,,
21.0,qua,2024-02-28,18:00,Sassuolo,0.3,1–6,2.7,Napoli,17.085,Mapei Stadium - Città del Tricolore,Daniele Chiffi,Relatório da Partida,
21.0,qua,2024-02-28,20:45,Inter,2.0,4–0,0.3,Atalanta,71.422,Stadio Giuseppe Meazza,Andrea Colombo,Relatório da Partida,
,,,,,,,,,,,,,
27.0,sex,2024-03-01,20:45,Lazio,1.3,0–1,1.0,Milan,48.0,Stadio Olimpico,Marco Di Bello,Relatório da Partida,
27.0,sáb,2024-03-02,15:00,Udinese,1.8,1–1,1.1,Salernitana,20.189,Bluenergy Stadium,Gianluca Manganiello,Relatório da Partida,
27.0,sáb,2024-03-02,18:00,Monza,0.9,1–4,1.8,Roma,14.188,U-Power Stadium,Marco Piccinini,Relatório da Partida,
27.0,sáb,2024-03-02,20:45,Torino,0.6,0–0,0.6,Fiorentina,22.845,Stadio Olimpico di Torino,Matteo Marchetti,Relatório da Partida,
27.0,dom,2024-03-03,12:30,Hellas Verona,0.4,1–0,0.5,Sassuolo,19.338,Stadio Marc'Antonio Bentegodi,Fabio Maresca,Relatório da Partida,
27.0,dom,2024-03-03,15:00,Frosinone,1.3,1–1,1.2,Lecce,15.334,Stadio Benito Stirpe,Marco Guida,Relatório da Partida,
27.0,dom,2024-03-03,15:00,Empoli,1.4,0–1,0.6,Cagliari,11.223,Stadio Carlo Castellani,Antonio Rapuano,Relatório da Partida,
27.0,dom,2024-03-03,18:00,Atalanta,1.4,1–2,1.3,Bologna,14.931,Gewiss Stadium,Federico La Penna,Relatório da Partida,
27.0,dom,2024-03-03,20:45,Napoli,2.1,2–1,1.6,Juventus,52.0,Stadio Diego Armando Maradona,Maurizio Mariani,Relatório da Partida,
27.0,seg,2024-03-04,20:45,Inter,1.8,2–1,0.8,Genoa,75.421,Stadio Giuseppe Meazza,Giovanni Ayroldi,Relatório da Partida,
,,,,,,,,,,,,,
28.0,sex,2024-03-08,20:45,Napoli,1.6,1–1,0.9,Torino,42.0,Stadio Diego Armando Maradona,Daniele Orsato,Relatório da Partida,
28.0,sáb,2024-03-09,15:00,Cagliari,3.3,4–2,0.9,Salernitana,16.118,Unipol Domus,Francesco Fourneau,Relatório da Partida,
28.0,sáb,2024-03-09,15:00,Sassuolo,0.6,1–0,1.3,Frosinone,11.189,Mapei Stadium - Città del Tricolore,Federico La Penna,Relatório da Partida,
28.0,sáb,2024-03-09,18:00,Bologna,0.6,0–1,0.9,Inter,30.204,Stadio Renato Dall'Ara,Luca Pairetto,Relatório da Partida,
28.0,sáb,2024-03-09,20:45,Genoa,2.1,2–3,1.7,Monza,,Stadio Comunale Luigi Ferraris,Ermanno Feliciani,Relatório da Partida,
28.0,dom,2024-03-10,12:30,Lecce,1.0,0–1,0.6,Hellas Verona,25.222,Stadio Comunale Via Del Mare,Daniele Chiffi,Relatório da Partida,
28.0,dom,2024-03-10,15:00,Milan,0.8,1–0,0.2,Empoli,70.343,Stadio Giuseppe Meazza,Juan Sacchi,Relatório da Partida,
28.0,dom,2024-03-10,18:00,Juventus,1.3,2–2,0.5,Atalanta,39.206,Allianz Stadium,Marco Guida,Relatório da Partida,
28.0,dom,2024-03-10,20:45,Fiorentina,2.1,2–2,0.6,Roma,30.438,Stadio Artemio Franchi,Davide Massa,Relatório da Partida,
28.0,seg,2024-03-11,20:45,Lazio,2.2,1–2,1.2,Udinese,34.0,Stadio Olimpico,Gianluca Aureliano,Relatório da Partida,
,,,,,,,,,,,,,
29.0,sex,2024-03-15,20:45,Empoli,1.0,0–1,2.3,Bologna,16.0,Stadio Carlo Castellani,Michael Fabbri,Relatório da Partida,
29.0,sáb,2024-03-16,15:00,Udinese,0.4,0–2,1.0,Torino,21.223,Bluenergy Stadium,Andrea Colombo,Relatório da Partida,
29.0,sáb,2024-03-16,15:00,Monza,1.0,1–0,0.4,Cagliari,14.145,U-Power Stadium,Matteo Marcenaro,Relatório da Partida,
29.0,sáb,2024-03-16,18:00,Salernitana,1.2,0–1,1.2,Lecce,15.376,Stadio Arechi,Fabio Maresca,Relatório da Partida,
29.0,sáb,2024-03-16,20:45,Frosinone,2.1,2–3,2.9,Lazio,15.78,Stadio Benito Stirpe,Antonio Rapuano,Relatório da Partida,
29.0,dom,2024-03-17,12:30,Juventus,1.0,0–0,0.2,Genoa,40.098,Allianz Stadium,Antonio Giua,Relatório da Partida,
29.0,dom,2024-03-17,15:00,Hellas Verona,0.5,1–3,2.7,Milan,26.165,Stadio Marc'Antonio Bentegodi,Maurizio Mariani,Relatório da Partida,
29.0,dom,2024-03-17,18:00,Roma,0.7,1–0,0.5,Sassuolo,66.871,Stadio Olimpico,Gianluca Manganiello,Relatório da Partida,
29.0,dom,2024-03-17,20:45,Inter,1.6,1–1,1.4,Napoli,71.551,Stadio Giuseppe Meazza,Federico La Penna,Relatório da Partida,
,,,,,,,,,,,,,
30.0,sáb,2024-03-30,12:30,Napoli,1.6,0–3,0.9,Atalanta,50.0,Stadio Diego Armando Maradona,Luca Pairetto,Relatório da Partida,
30.0,sáb,2024-03-30,15:00,Genoa,1.5,1–1,0.8,Frosinone,31.462,Stadio Comunale Luigi Ferraris,Juan Sacchi,Relatório da Partida,
30.0,sáb,2024-03-30,15:00,Torino,1.6,1–0,0.8,Monza,24.286,Stadio Olimpico di Torino,Gianluca Aureliano,Relatório da Partida,
30.0,sáb,2024-03-30,18:00,Lazio,1.1,1–0,0.5,Juventus,53.0,Stadio Olimpico,Andrea Colombo,Relatório da Partida,
30.0,sáb,2024-03-30,20:45,Fiorentina,1.4,1–2,3.1,Milan,34.273,Stadio Artemio Franchi,Fabio Maresca,Relatório da Partida,
30.0,seg,2024-04-01,12:30,Bologna,1.6,3–0,0.6,Salernitana,27.255,Stadio Renato Dall'Ara,Ermanno Feliciani,Relatório da Partida,
30.0,seg,2024-04-01,15:00,Sassuolo,1.2,1–1,1.5,Udinese,11.512,Mapei Stadium - Città del Tricolore,Michael Fabbri,Relatório da Partida,
30.0,seg,2024-04-01,15:00,Cagliari,0.6,1–1,1.4,Hellas Verona,16.285,Unipol Domus,Daniele Doveri,Relatório da Partida,
30.0,seg,2024-04-01,18:00,Lecce,1.8,0–0,1.3,Roma,29.031,Stadio Comunale Via Del Mare,Matteo Marcenaro,Relatório da Partida,
30.0,seg,2024-04-01,20:45,Inter,2.1,2–0,0.5,Empoli,71.551,Stadio Giuseppe Meazza,Federico Dionisi,Relatório da Partida,
,,,,,,,,,,,,,
31.0,sex,2024-04-05,20:45,Salernitana,1.2,2–2,2.3,Sassuolo,14.036,Stadio Arechi,Simone Sozza,Relatório da Partida,
31.0,sáb,2024-04-06,15:00,Milan,1.5,3–0,0.5,Lecce,71.576,Stadio Giuseppe Meazza,Luca Massimi,Relatório da Partida,
31.0,sáb,2024-04-06,18:00,Roma,0.7,1–0,0.4,Lazio,64.513,Stadio Olimpico,Marco Guida,Relatório da Partida,
31.0,sáb,2024-04-06,20:45,Empoli,0.5,3–2,2.1,Torino,8.374,Stadio Carlo Castellani,Davide Massa,Relatório da Partida,
31.0,dom,2024-04-07,12:30,Frosinone,0.4,0–0,2.0,Bologna,14.986,Stadio Benito Stirpe,Daniele Orsato,Relatório da Partida,
31.0,dom,2024-04-07,15:00,Monza,0.4,2–4,2.2,Napoli,13.169,U-Power Stadium,Daniele Doveri,Relatório da Partida,
31.0,dom,2024-04-07,18:00,Cagliari,0.7,2–1,0.5,Atalanta,16.342,Unipol Domus,Antonio Rapuano,Relatório da Partida,
31.0,dom,2024-04-07,18:00,Hellas Verona,1.3,1–2,2.2,Genoa,20.342,Stadio Marc'Antonio Bentegodi,Gianluca Manganiello,Relatório da Partida,
31.0,dom,2024-04-07,20:45,Juventus,1.9,1–0,0.5,Fiorentina,37.994,Allianz Stadium,Federico La Penna,Relatório da Partida,
31.0,seg,2024-04-08,20:45,Udinese,0.1,1–2,3.3,Inter,24.993,Bluenergy Stadium,Marco Piccinini,Relatório da Partida,
,,,,,,,,,,,,,
32.0,sex,2024-04-12,20:45,Lazio,1.9,4–1,0.6,Salernitana,34.0,Stadio Olimpico,Luca Zufferli,Relatório da Partida,
32.0,sáb,2024-04-13,15:00,Lecce,2.6,1–0,0.1,Empoli,25.957,Stadio Comunale Via Del Mare,Maurizio Mariani,Relatório da Partida,
32.0,sáb,2024-04-13,18:00,Torino,0.6,0–0,1.2,Juventus,27.788,Stadio Olimpico di Torino,Fabio Maresca,Relatório da Partida,
32.0,sáb,2024-04-13,20:45,Bologna,2.1,0–0,0.4,Monza,26.903,Stadio Renato Dall'Ara,Federico La Penna,Relatório da Partida,
32.0,dom,2024-04-14,12:30,Napoli,2.2,2–2,2.4,Frosinone,51.177,Stadio Diego Armando Maradona,Michael Fabbri,Relatório da Partida,
32.0,dom,2024-04-14,15:00,Sassuolo,1.2,3–3,2.8,Milan,19.199,Mapei Stadium - Città del Tricolore,Davide Massa,Relatório da Partida,
32.0,dom,2024-04-14,20:45,Inter,2.0,2–2,1.1,Cagliari,72.559,Stadio Giuseppe Meazza,Francesco Fourneau,Relatório da Partida,
32.0,seg,2024-04-15,18:30,Fiorentina,1.5,1–1,1.3,Genoa,25.12,Stadio Artemio Franchi,Davide Di Marco,Relatório da Partida,
32.0,seg,2024-04-15,20:45,Atalanta,1.5,2–2,1.5,Hellas Verona,14.666,Gewiss Stadium,Juan Sacchi,Relatório da Partida,
,,,,,,,,,,,,,
33.0,sex,2024-04-19,18:30,Genoa,0.5,0–1,1.0,Lazio,30.697,Stadio Comunale Luigi Ferraris,Ermanno Feliciani,Relatório da Partida,
33.0,sex,2024-04-19,20:45,Cagliari,2.2,2–2,0.7,Juventus,16.179,Unipol Domus,Marco Piccinini,Relatório da Partida,
33.0,sáb,2024-04-20,18:00,Empoli,0.9,1–0,0.6,Napoli,12.5,Stadio Carlo Castellani,Gianluca Manganiello,Relatório da Partida,
33.0,sáb,2024-04-20,20:45,Hellas Verona,0.8,1–0,1.7,Udinese,27.662,Stadio Marc'Antonio Bentegodi,Marco Guida,Relatório da Partida,
33.0,dom,2024-04-21,12:30,Sassuolo,0.6,0–3,2.3,Lecce,16.21,Mapei Stadium - Città del Tricolore,Daniele Doveri,Relatório da Partida,
33.0,dom,2024-04-21,15:00,Torino,0.6,0–0,0.6,Frosinone,23.728,Stadio Olimpico di Torino,Antonio Rapuano,Relatório da Partida,
33.0,dom,2024-04-21,18:00,Salernitana,0.2,0–2,2.0,Fiorentina,14.597,Stadio Arechi,Matteo Marchetti,Relatório da Partida,
33.0,dom,2024-04-21,20:45,Monza,1.1,1–2,1.5,Atalanta,13.983,U-Power Stadium,Antonio Giua,Relatório da Partida,
33.0,seg,2024-04-22,18:30,Roma,2.0,1–3,1.1,Bologna,63.85,Stadio Olimpico,Fabio Maresca,Relatório da Partida,
33.0,seg,2024-04-22,20:45,Milan,2.2,1–2,2.0,Inter,75.554,Stadio Giuseppe Meazza,Andrea Colombo,Relatório da Partida,
,,,,,,,,,,,,,
32.0,qui,2024-04-25,20:00,Udinese,0.6,1–2,1.4,Roma,24.947,Bluenergy Stadium,Luca Pairetto,Relatório da Partida,
,,,,,,,,,,,,,
34.0,sex,2024-04-26,20:45,Frosinone,1.7,3–0,1.4,Salernitana,13.728,Stadio Benito Stirpe,Francesco Fourneau,Relatório da Partida,
34.0,sáb,2024-04-27,15:00,Lecce,0.9,1–1,1.1,Monza,27.167,Stadio Comunale Via Del Mare,Alberto Santoro,Relatório da Partida,
34.0,sáb,2024-04-27,18:00,Juventus,1.4,0–0,0.3,Milan,39.845,Allianz Stadium,Maurizio Mariani,Relatório da Partida,
34.0,sáb,2024-04-27,20:45,Lazio,1.1,1–0,0.6,Hellas Verona,39.0,Stadio Olimpico,Davide Massa,Relatório da Partida,
34.0,dom,2024-04-28,12:30,Inter,1.7,2–0,0.5,Torino,71.686,Stadio Giuseppe Meazza,Maria Sole Ferrieri Caputi,Relatório da Partida,
34.0,dom,2024-04-28,15:00,Bologna,0.7,1–1,0.7,Udinese,27.396,Stadio Renato Dall'Ara,Juan Sacchi,Relatório da Partida,
34.0,dom,2024-04-28,18:00,Atalanta,1.9,2–0,0.4,Empoli,14.614,Gewiss Stadium,Michael Fabbri,Relatório da Partida,
34.0,dom,2024-04-28,18:00,Napoli,3.0,2–2,1.6,Roma,45.0,Stadio Diego Armando Maradona,Simone Sozza,Relatório da Partida,
34.0,dom,2024-04-28,20:45,Fiorentina,3.2,5–1,0.3,Sassuolo,22.575,Stadio Artemio Franchi,Matteo Marcenaro,Relatório da Partida,
34.0,seg,2024-04-29,20:45,Genoa,1.2,3–0,1.1,Cagliari,17.257,Stadio Comunale Luigi Ferraris,Federico Dionisi,Relatório da Partida,
,,,,,,,,,,,,,
35.0,sex,2024-05-03,20:45,Torino,0.7,0–0,0.2,Bologna,23.895,Stadio Olimpico di Torino,Simone Sozza,Relatório da Partida,
35.0,sáb,2024-05-04,18:00,Monza,1.7,2–2,1.4,Lazio,10.454,U-Power Stadium,Luca Pairetto,Relatório da Partida,
35.0,sáb,2024-05-04,20:45,Sassuolo,0.3,1–0,1.1,Inter,19.454,Mapei Stadium - Città del Tricolore,Matteo Marchetti,Relatório da Partida,
35.0,dom,2024-05-05,12:30,Cagliari,1.0,1–1,1.8,Lecce,16.407,Unipol Domus,Matteo Marcenaro,Relatório da Partida,
35.0,dom,2024-05-05,15:00,Empoli,0.3,0–0,1.2,Frosinone,13.11,Stadio Carlo Castellani,Daniele Doveri,Relatório da Partida,
35.0,dom,2024-05-05,15:00,Hellas Verona,1.9,2–1,0.9,Fiorentina,27.821,Stadio Marc'Antonio Bentegodi,Antonio Rapuano,Relatório da Partida,
35.0,dom,2024-05-05,18:00,Milan,2.8,3–3,1.0,Genoa,73.901,Stadio Giuseppe Meazza,Alessandro Prontera,Relatório da Partida,
35.0,dom,2024-05-05,20:45,Roma,1.7,1–1,1.2,Juventus,63.996,Stadio Olimpico,Andrea Colombo,Relatório da Partida,
35.0,seg,2024-05-06,18:00,Salernitana,0.5,1–2,1.9,Atalanta,12.98,Stadio Arechi,Ermanno Feliciani,Relatório da Partida,
35.0,seg,2024-05-06,20:45,Udinese,0.7,1–1,0.8,Napoli,20.872,Bluenergy Stadium,Gianluca Aureliano,Relatório da Partida,
,,,,,,,,,,,,,
36.0,sex,2024-05-10,20:45,Frosinone,1.3,0–5,1.8,Inter,16.021,Stadio Benito Stirpe,Antonio Giua,Relatório da Partida,
36.0,sáb,2024-05-11,18:00,Napoli,1.5,0–2,1.4,Bologna,43.0,Stadio Diego Armando Maradona,Luca Pairetto,Relatório da Partida,
36.0,sáb,2024-05-11,20:45,Milan,3.3,5–1,1.5,Cagliari,70.612,Stadio Giuseppe Meazza,Simone Sozza,Relatório da Partida,
36.0,dom,2024-05-12,12:30,Lazio,1.7,2–0,1.2,Empoli,54.0,Stadio Olimpico,Gianluca Aureliano,Relatório da Partida,
36.0,dom,2024-05-12,15:00,Genoa,0.9,2–1,1.7,Sassuolo,31.412,Stadio Comunale Luigi Ferraris,Maurizio Mariani,Relatório da Partida,
36.0,dom,2024-05-12,15:00,Hellas Verona,1.2,1–2,0.5,Torino,25.964,Stadio Marc'Antonio Bentegodi,Livio Marinelli,Relatório da Partida,
36.0,dom,2024-05-12,18:00,Juventus,2.3,1–1,0.8,Salernitana,37.47,Allianz Stadium,Alberto Santoro,Relatório da Partida,
36.0,dom,2024-05-12,20:45,Atalanta,2.7,2–1,1.2,Roma,14.895,Gewiss Stadium,Marco Guida,Relatório da Partida,
36.0,seg,2024-05-13,18:30,Lecce,0.4,0–2,1.4,Udinese,28.041,Stadio Comunale Via Del Mare,Davide Massa,Relatório da Partida,
36.0,seg,2024-05-13,20:45,Fiorentina,2.5,2–1,0.7,Monza,24.376,Stadio Artemio Franchi,Luca Zufferli,Relatório da Partida,
,,,,,,,,,,,,,
37.0,sex,2024-05-17,20:45,Fiorentina,0.6,2–2,1.2,Napoli,32.1,Stadio Artemio Franchi,Matteo Marchetti,Relatório da Partida,
37.0,sáb,2024-05-18,18:00,Lecce,1.3,0–2,1.6,Atalanta,26.354,Stadio Comunale Via Del Mare,Antonio Rapuano,Relatório da Partida,
37.0,sáb,2024-05-18,20:45,Torino,0.9,3–1,1.9,Milan,24.638,Stadio Olimpico di Torino,Ermanno Feliciani,Relatório da Partida,
37.0,dom,2024-05-19,12:30,Sassuolo,0.3,0–2,1.5,Cagliari,15.548,Mapei Stadium - Città del Tricolore,Daniele Doveri,Relatório da Partida,
37.0,dom,2024-05-19,15:00,Monza,1.0,0–1,2.0,Frosinone,12.306,U-Power Stadium,Michael Fabbri,Relatório da Partida,
37.0,dom,2024-05-19,15:00,Udinese,1.2,1–1,0.8,Empoli,24.686,Bluenergy Stadium,Daniele Orsato,Relatório da Partida,
37.0,dom,2024-05-19,18:00,Inter,1.4,1–1,0.6,Lazio,73.148,Stadio Giuseppe Meazza,Juan Sacchi,Relatório da Partida,
37.0,dom,2024-05-19,20:45,Roma,0.8,1–0,0.5,Genoa,67.334,Stadio Olimpico,Gianluca Manganiello,Relatório da Partida,
37.0,seg,2024-05-20,18:30,Salernitana,0.6,1–2,2.1,Hellas Verona,15.998,Stadio Arechi,Marco Di Bello,Relatório da Partida,
37.0,seg,2024-05-20,20:45,Bologna,1.4,3–3,0.7,Juventus,29.603,Stadio Renato Dall'Ara,Giovanni Ayroldi,Relatório da Partida,
,,,,,,,,,,,,,
38.0,qui,2024-05-23,20:45,Cagliari,1.9,2–3,2.0,Fiorentina,16.412,Unipol Domus,Alessandro Prontera,Relatório da Partida,
38.0,sex,2024-05-24,20:45,Genoa,1.5,2–0,1.0,Bologna,32.255,Stadio Comunale Luigi Ferraris,Alberto Santoro,Relatório da Partida,
38.0,sáb,2024-05-25,18:00,Juventus,0.9,2–0,0.6,Monza,15.148,Allianz Stadium,Maria Sole Ferrieri Caputi,Relatório da Partida,
38.0,sáb,2024-05-25,20:45,Milan,3.0,3–3,1.7,Salernitana,70.831,Stadio Giuseppe Meazza,Davide Di Marco,Relatório da Partida,
38.0,dom,2024-05-26,18:00,Atalanta,2.6,3–0,1.1,Torino,14.839,Gewiss Stadium,Simone Sozza,Relatório da Partida,
38.0,dom,2024-05-26,18:00,Napoli,1.5,0–0,0.5,Lecce,41.0,Stadio Diego Armando Maradona,Federico Dionisi,Relatório da Partida,
38.0,dom,2024-05-26,20:45,Lazio,1.0,1–1,1.1,Sassuolo,56.0,Stadio Olimpico,Paride Tremolada,Relatório da Partida,
38.0,dom,2024-05-26,20:45,Empoli,2.6,2–1,1.3,Roma,15.896,Stadio Carlo Castellani,Davide Massa,Relatório da Partida,
38.0,dom,2024-05-26,20:45,Frosinone,0.8,0–1,0.7,Udinese,16.19,Stadio Benito Stirpe,Daniele Doveri,Relatório da Partida,
38.0,dom,2024-05-26,20:45,Hellas Verona,1.7,2–2,2.4,Inter,22.447,Stadio Marc'Antonio Bentegodi,Luca Zufferli,Relatório da Partida,
,,,,,,,,,,,,,
29.0,dom,2024-06-02,18:00,Atalanta,1.7,2–3,1.2,Fiorentina,14.851,Gewiss Stadium,Daniele Orsato,Relatório da Partida,
